{"prefix":"https://storage0.netcams.io/","carousel":[{"image":"https://files.netcams.io/hp/INNOUTLAX2-1200x800.jpg","caption":"Welcome to NetCams.io","text":"<p>Autonomous snapshots and video clips from IP Network Cameras for a variety of applications.</p>"},
    {"image":"https://files.netcams.io/hp/waikikibeach.jpg","caption":"Live Cams","text":"<p>(Well, almost live) <br /> Better image quality, more reliable, less complicated, and less expensive than a live video stream.</p><p>Capture high resoltion snapshots at whatever intervals you choose. Visitors will always see the latest snapshot, plus historical images.<br />You may also overlay your logo, current weather conditions, and link back to your website.</p>"},
    {"image":"https://files.netcams.io/hp/lotcam7.jpg","caption":"Parking Lots/Yards","text":"<p>Snapshots of vehicles entering or leaving your parking lot. Quick access to timestamped images of all activity at your facility.</p><ul><li>Deliveries</li><li>Employees</li><li>Asset tracking</li></ul>"},
    {"image":"https://files.netcams.io/hp/GGFog.jpg","caption":"Time Lapse Cams","text":"<p>Set your camera to upload snapshots on a specific interval... one every second, one every day, or anywhere in between. Then create time-lapse videos from your snapshots to share online.</p><ul><li>Landscapes</li><li>Cityscapes</li><li>Construction Sites</li><li>And More</li></ul>"},
    {"image":"https://files.netcams.io/hp/selfden.jpg","caption":"Selfie Cams","text":"<p>A Camera, a pushbutton, and a small single digit countdown display is all you need! Indoors or out. Set up a camera for your guests or vistors to take HD selfies with your backdrop and/or custom overlay and have it immediatly available on your NetCams channel for them to share.</p>"},
    {"image":"https://files.netcams.io/hp/special.jpg","caption":"Special Events","text":"<p>Snapshots do not have to come from fixed IP cameras. Roving photographers at special events, concerts, festivals, sporting events, etc., can upload photos and have them displayed by date and time in the same way.</p><ul><li>Concerts</li><li>Festivals</li><li>Sporting Events</li></ul>"},
    {"image":"https://files.netcams.io/hp/Zipline2_1080.jpg","caption":"Fast Action Cams","text":"<p>Roller coasters, water slides, zip-lines, and other fast moving objects. Set the camera to capture a burst of multiple snapshots (up to 30 per second) for your guests to select from. This replaces the traditional souveneir photo kiosk and can run unattended. Guests have immediate access online to view their photos and share.</p>"},
    {"video":"https://files.netcams.io/hp/747-xs.mp4","poster":"https://files.netcams.io/hp/747-xs.png","caption":"Capture Short Video Clips too!","text":"<p>Most Axis cameras are capable of capturing both still snapshots AND short video clips.</p>"}],"categories":[{"id":1,"name":"CityScape","cameras":[26,27]},
    {"id":2,"name":"Nature","cameras":[43,44,45]},
    {"id":3,"name":"Weather","cameras":[]},
    {"id":4,"name":"Attractions","cameras":[]},
    {"id":5,"name":"Landmarks","cameras":[]},
    {"id":6,"name":"Cruise Ports","cameras":[]},
    {"id":7,"name":"Airports/Aircraft","cameras":[]},
    {"id":8,"name":"Resorts","cameras":[]},
    {"id":9,"name":"Beaches","cameras":[41,42]},
    {"id":10,"name":"Animals","cameras":[]},
    {"id":500,"name":"Other","cameras":[0,1,2,3,4,5,6,7,8,9,10,11,12,13,14,15,16,17,18,19,20,21,22,23,24,25,28,29,30,31,32,33,34,35,36,37,38,39,40]}],"cameras":[{"category_id":500,"category_name":"Other","account_id":"0csude6f","account_url_name":"sunsetsxm","account_display_name":"Sunset Beach Bar SXM","location":"St. Maarten","website":"www.sunsetsxm.com","camera_id":"uhxh9sim","camera_url_name":"guest-images","camera_name":"Guest Images","camera_description":null,"lat":null,"lng":null,"dt":"2015-01-06","ts":"115902.000","image_id":"43de8908-9b6a-4a0c-b508-3f81ca0bb454","width":4288,"height":2848,"trigger":"EV"},
    {"category_id":500,"category_name":"Other","account_id":"0csude6f","account_url_name":"sunsetsxm","account_display_name":"Sunset Beach Bar SXM","location":"St. Maarten","website":"www.sunsetsxm.com","camera_id":"zptyeiga","camera_url_name":"landing-planes","camera_name":"Landing Planes","camera_description":null,"lat":17.5016253598852,"lng":-62.9744480922109,"dt":"2021-01-06","ts":"144812.000","image_id":"8c256889-39f0-4e3a-9553-199b9d8008a2","width":1280,"height":720,"trigger":"EV"},
    {"category_id":500,"category_name":"Other","account_id":"3vpkd6sg","account_url_name":"brannan.concrete","account_display_name":"Brannan Sand and Gravel","location":"Denver, Colorado  USA","website":"www.brannan1.com","camera_id":"krxhbmu7","camera_url_name":"west-entrance","camera_name":"West Entrance","camera_description":null,"lat":null,"lng":null,"dt":"2021-07-05","ts":"112002.000","image_id":"1b003b21-226e-4c98-b80f-f26d8eb15ad5","width":2304,"height":1296,"trigger":"TL"},
    {"category_id":500,"category_name":"Other","account_id":"3vpkd6sg","account_url_name":"brannan.concrete","account_display_name":"Brannan Sand and Gravel","location":"Denver, Colorado  USA","website":"www.brannan1.com","camera_id":"dt0x0q5y","camera_url_name":"chambers1","camera_name":"Chambers1","camera_description":null,"lat":null,"lng":null,"dt":"2021-07-05","ts":"112024.000","image_id":"17a2395d-5380-4472-853b-12377c1d6460","width":2688,"height":1520,"trigger":"TL"},
    {"category_id":500,"category_name":"Other","account_id":"3vpkd6sg","account_url_name":"brannan.concrete","account_display_name":"Brannan Sand and Gravel","location":"Denver, Colorado  USA","website":"www.brannan1.com","camera_id":"jzj9tke2","camera_url_name":"west-plant","camera_name":"West Plant","camera_description":null,"lat":null,"lng":null,"dt":"2021-07-05","ts":"111935.000","image_id":"ce9e9aa4-5f40-4cbc-9fe7-7e297a9752ca","width":2688,"height":1520,"trigger":"TL"},
    {"category_id":500,"category_name":"Other","account_id":"3vpkd6sg","account_url_name":"brannan.concrete","account_display_name":"Brannan Sand and Gravel","location":"Denver, Colorado  USA","website":"www.brannan1.com","camera_id":"ppla1llh","camera_url_name":"chambers2","camera_name":"Chambers2","camera_description":null,"lat":39.7166944967399,"lng":-104.79995727539064,"dt":"2021-07-05","ts":"112030.000","image_id":"396174bf-5c58-4e82-9b2c-af8d2d6f9334","width":2560,"height":1440,"trigger":"TL"},
    {"category_id":500,"category_name":"Other","account_id":"3vpkd6sg","account_url_name":"brannan.concrete","account_display_name":"Brannan Sand and Gravel","location":"Denver, Colorado  USA","website":"www.brannan1.com","camera_id":"ddo3j3hm","camera_url_name":"central-batch-house","camera_name":"Central Batch House","camera_description":null,"lat":null,"lng":null,"dt":"2021-07-05","ts":"111943.000","image_id":"8355338b-1e0b-4d00-9d76-e967e62e75e3","width":2688,"height":1520,"trigger":"TL"},
    {"category_id":500,"category_name":"Other","account_id":"bbh33wif","account_url_name":"paul","account_display_name":"Paul Chandler","location":"Denver Colorado USA","website":"www.netcams.io","camera_id":"i5lz70z9","camera_url_name":"farm-pole","camera_name":"Farm Pole","camera_description":null,"lat":null,"lng":null,"dt":"2021-07-05","ts":"131831.918","image_id":"dc57e825-d095-432a-838c-a552b43ba8f2","width":2688,"height":1520,"trigger":"TL"},
    {"category_id":500,"category_name":"Other","account_id":"bbh33wif","account_url_name":"paul","account_display_name":"Paul Chandler","location":"Denver Colorado USA","website":"www.netcams.io","camera_id":"i5lz70z9","camera_url_name":"farm-pole","camera_name":"Farm Pole","camera_description":null,"lat":null,"lng":null,"dt":"2021-07-04","ts":"185754.721","image_id":"e1f42a5d-644b-4f54-a6f5-eaf306535741","width":2688,"height":1520,"trigger":"LP"},
    {"category_id":500,"category_name":"Other","account_id":"bbh33wif","account_url_name":"paul","account_display_name":"Paul Chandler","location":"Denver Colorado USA","website":"www.netcams.io","camera_id":"i5lz70z9","camera_url_name":"farm-pole","camera_name":"Farm Pole","camera_description":null,"lat":null,"lng":null,"dt":"2021-07-05","ts":"130803.797","image_id":"b479f8b1-a019-4257-85df-40ed2c912376","width":2688,"height":1520,"trigger":"EV"},
    {"category_id":500,"category_name":"Other","account_id":"bbh33wif","account_url_name":"paul","account_display_name":"Paul Chandler","location":"Denver Colorado USA","website":"www.netcams.io","camera_id":"tn8ucy97","camera_url_name":"phonetest","camera_name":"PhoneTest","camera_description":null,"lat":null,"lng":null,"dt":"2020-02-09","ts":"120357.000","image_id":"b19ee278-307e-4559-8cad-56cc45a6b517","width":4032,"height":3024,"trigger":"PH"},
    {"category_id":500,"category_name":"Other","account_id":"bbh33wif","account_url_name":"paul","account_display_name":"Paul Chandler","location":"Denver Colorado USA","website":"www.netcams.io","camera_id":"tn8ucy97","camera_url_name":"phonetest","camera_name":"PhoneTest","camera_description":null,"lat":null,"lng":null,"dt":"2020-11-01","ts":"194234.000","image_id":"d95bc897-b151-4d71-8668-57a87fcd4c32","width":4032,"height":3024,"trigger":"EV"},
    {"category_id":500,"category_name":"Other","account_id":"bbh33wif","account_url_name":"paul","account_display_name":"Paul Chandler","location":"Denver Colorado USA","website":"www.netcams.io","camera_id":"07-kkmnf","camera_url_name":"connor","camera_name":"Connor","camera_description":null,"lat":39.82419361092324,"lng":-105.05006790161133,"dt":"2021-06-26","ts":"112228.672","image_id":"f3e58cb3-5b96-49ae-9fd0-2a82e331483f","width":2560,"height":1440,"trigger":"TL"},
    {"category_id":500,"category_name":"Other","account_id":"bbh33wif","account_url_name":"paul","account_display_name":"Paul Chandler","location":"Denver Colorado USA","website":"www.netcams.io","camera_id":"07-kkmnf","camera_url_name":"connor","camera_name":"Connor","camera_description":null,"lat":39.82419361092324,"lng":-105.05006790161133,"dt":"2021-06-26","ts":"112531.288","image_id":"7c7d7aa4-00ad-46b1-a386-47d4c9125e99","width":2560,"height":1440,"trigger":"EV"},
    {"category_id":500,"category_name":"Other","account_id":"bbh33wif","account_url_name":"paul","account_display_name":"Paul Chandler","location":"Denver Colorado USA","website":"www.netcams.io","camera_id":"07-kkmnf","camera_url_name":"connor","camera_name":"Connor","camera_description":null,"lat":39.82419361092324,"lng":-105.05006790161133,"dt":"2021-03-02","ts":"112236.520","image_id":"804c961b-5a23-4bbf-8f9f-a710bed2dd81","width":2560,"height":1440,"trigger":"LP"},
    {"category_id":500,"category_name":"Other","account_id":"bbh33wif","account_url_name":"paul","account_display_name":"Paul Chandler","location":"Denver Colorado USA","website":"www.netcams.io","camera_id":"07-kkmnf","camera_url_name":"connor","camera_name":"Connor","camera_description":null,"lat":39.82419361092324,"lng":-105.05006790161133,"dt":"2021-05-01","ts":"083343.990","image_id":"f17ee79b-693d-4301-9eba-81c73f50906f","width":2560,"height":1440,"trigger":"SE"},
    {"category_id":500,"category_name":"Other","account_id":"bbh33wif","account_url_name":"paul","account_display_name":"Paul Chandler","location":"Denver Colorado USA","website":"www.netcams.io","camera_id":"07-kkmnf","camera_url_name":"connor","camera_name":"Connor","camera_description":null,"lat":39.82419361092324,"lng":-105.05006790161133,"dt":"2021-05-01","ts":"083343.990","image_id":"0ae13c14-55bf-4b83-afbe-1d410639fbc6","width":640,"height":360,"trigger":"S0"},
    {"category_id":500,"category_name":"Other","account_id":"bbh33wif","account_url_name":"paul","account_display_name":"Paul Chandler","location":"Denver Colorado USA","website":"www.netcams.io","camera_id":"os12rday","camera_url_name":"lpr2","camera_name":"LPR2","camera_description":null,"lat":39.7756930099734,"lng":-105.154223442078,"dt":"2021-07-04","ts":"165752.721","image_id":"00c4ab9a-bf2f-41bd-96eb-f521c248d74f","width":1920,"height":1112,"trigger":"LP"},
    {"category_id":500,"category_name":"Other","account_id":"bbh33wif","account_url_name":"paul","account_display_name":"Paul Chandler","location":"Denver Colorado USA","website":"www.netcams.io","camera_id":"os12rday","camera_url_name":"lpr2","camera_name":"LPR2","camera_description":null,"lat":39.7756930099734,"lng":-105.154223442078,"dt":"2021-04-03","ts":"111958.494","image_id":"64d269d7-fac7-4252-aca1-a9d9b9b07862","width":1920,"height":1080,"trigger":"EV"},
    {"category_id":500,"category_name":"Other","account_id":"bbh33wif","account_url_name":"paul","account_display_name":"Paul Chandler","location":"Denver Colorado USA","website":"www.netcams.io","camera_id":"os12rday","camera_url_name":"lpr2","camera_name":"LPR2","camera_description":null,"lat":39.7756930099734,"lng":-105.154223442078,"dt":"2021-04-03","ts":"111612.814","image_id":"8c022c6d-1058-4c96-97c1-9e869a331d46","width":1920,"height":1080,"trigger":"TL"},
    {"category_id":500,"category_name":"Other","account_id":"bbh33wif","account_url_name":"paul","account_display_name":"Paul Chandler","location":"Denver Colorado USA","website":"www.netcams.io","camera_id":"xe7sph2l","camera_url_name":"barns","camera_name":"Barns","camera_description":null,"lat":39.27570626030707,"lng":-76.1074437906837,"dt":"2021-07-05","ts":"131327.921","image_id":"cb34e717-4dc6-4ac9-91df-fbc2e4ad2860","width":2048,"height":1536,"trigger":"TL"},
    {"category_id":500,"category_name":"Other","account_id":"bbh33wif","account_url_name":"paul","account_display_name":"Paul Chandler","location":"Denver Colorado USA","website":"www.netcams.io","camera_id":"bkyiuo3z","camera_url_name":"lpr1","camera_name":"LPR1","camera_description":null,"lat":39.7405543100001,"lng":-105.040251863187,"dt":"2021-07-03","ts":"130622.910","image_id":"8d7d578e-93cd-4445-be21-e9b37fab9c85","width":1920,"height":1080,"trigger":"LP"},
    {"category_id":500,"category_name":"Other","account_id":"bbh33wif","account_url_name":"paul","account_display_name":"Paul Chandler","location":"Denver Colorado USA","website":"www.netcams.io","camera_id":"bkyiuo3z","camera_url_name":"lpr1","camera_name":"LPR1","camera_description":null,"lat":39.7405543100001,"lng":-105.040251863187,"dt":"2021-02-25","ts":"151050.110","image_id":"a47fe0b2-0ac8-43d0-8e21-f729bca73596","width":1920,"height":1080,"trigger":"EV"},
    {"category_id":500,"category_name":"Other","account_id":"bbh33wif","account_url_name":"paul","account_display_name":"Paul Chandler","location":"Denver Colorado USA","website":"www.netcams.io","camera_id":"bkyiuo3z","camera_url_name":"lpr1","camera_name":"LPR1","camera_description":null,"lat":39.7405543100001,"lng":-105.040251863187,"dt":"2020-08-13","ts":"100233.390","image_id":"05333b43-87a7-4407-b9b5-ef06eb1f1467","width":1920,"height":1112,"trigger":"TL"},
    {"category_id":500,"category_name":"Other","account_id":"bbh33wif","account_url_name":"paul","account_display_name":"Paul Chandler","location":"Denver Colorado USA","website":"www.netcams.io","camera_id":"0dt6drzs","camera_url_name":"garage","camera_name":"Garage","camera_description":null,"lat":39.8653806945066,"lng":-105.04873752594,"dt":"2021-05-17","ts":"103858.851","image_id":"6cfcdd60-bd04-484a-a231-9a11caf05040","width":2688,"height":1520,"trigger":"TL"},
    {"category_id":500,"category_name":"Other","account_id":"bbh33wif","account_url_name":"paul","account_display_name":"Paul Chandler","location":"Denver Colorado USA","website":"www.netcams.io","camera_id":"0dt6drzs","camera_url_name":"garage","camera_name":"Garage","camera_description":null,"lat":39.8653806945066,"lng":-105.04873752594,"dt":"2020-12-30","ts":"130925.917","image_id":"cd5e6c81-b408-4ef6-b916-a5f854faa0c5","width":2688,"height":1520,"trigger":"EV"},
    {"category_id":1,"category_name":"CityScape","account_id":"bbh33wif","account_url_name":"paul","account_display_name":"Paul Chandler","location":"Denver Colorado USA","website":"www.netcams.io","camera_id":"ceplud3b","camera_url_name":"hikcolorvu","camera_name":"HikColorvu","camera_description":null,"lat":39.8654465740421,"lng":-105.048780441284,"dt":"2020-12-27","ts":"204053.854","image_id":"ea9eaa5e-3c9c-4893-9267-4ec293b838f6","width":2688,"height":1520,"trigger":"TL"},
    {"category_id":1,"category_name":"CityScape","account_id":"bbh33wif","account_url_name":"paul","account_display_name":"Paul Chandler","location":"Denver Colorado USA","website":"www.netcams.io","camera_id":"ceplud3b","camera_url_name":"hikcolorvu","camera_name":"HikColorvu","camera_description":null,"lat":39.8654465740421,"lng":-105.048780441284,"dt":"2021-01-03","ts":"031314.404","image_id":"55d57b0f-8b34-4cbd-9fe8-ef2117601c6a","width":2688,"height":1520,"trigger":"EV"},
    {"category_id":500,"category_name":"Other","account_id":"bbh33wif","account_url_name":"paul","account_display_name":"Paul Chandler","location":"Denver Colorado USA","website":"www.netcams.io","camera_id":"gmcq09nb","camera_url_name":"4k-selfie","camera_name":"4K Selfie","camera_description":null,"lat":39.7435,"lng":-105.0619,"dt":"2020-10-30","ts":"102852.084","image_id":"81866513-0228-4e40-b03a-b352a4c3ddbe","width":640,"height":360,"trigger":"S0"},
    {"category_id":500,"category_name":"Other","account_id":"bbh33wif","account_url_name":"paul","account_display_name":"Paul Chandler","location":"Denver Colorado USA","website":"www.netcams.io","camera_id":"gmcq09nb","camera_url_name":"4k-selfie","camera_name":"4K Selfie","camera_description":null,"lat":39.7435,"lng":-105.0619,"dt":"2020-10-30","ts":"102852.084","image_id":"df772345-82ef-4030-8c55-6ff07bc65e24","width":3840,"height":2160,"trigger":"SE"},
    {"category_id":500,"category_name":"Other","account_id":"bbh33wif","account_url_name":"paul","account_display_name":"Paul Chandler","location":"Denver Colorado USA","website":"www.netcams.io","camera_id":"gmcq09nb","camera_url_name":"4k-selfie","camera_name":"4K Selfie","camera_description":null,"lat":39.7435,"lng":-105.0619,"dt":"2021-01-17","ts":"085759.123","image_id":"261ae1fe-599c-4524-89ba-fa1fb43f7b9b","width":3840,"height":2160,"trigger":"EV"},
    {"category_id":500,"category_name":"Other","account_id":"bbh33wif","account_url_name":"paul","account_display_name":"Paul Chandler","location":"Denver Colorado USA","website":"www.netcams.io","camera_id":"gmcq09nb","camera_url_name":"4k-selfie","camera_name":"4K Selfie","camera_description":null,"lat":39.7435,"lng":-105.0619,"dt":"2021-03-18","ts":"064408.878","image_id":"dfadc02f-464a-4b7c-b128-0311b243e332","width":3840,"height":2160,"trigger":"TL"},
    {"category_id":500,"category_name":"Other","account_id":"bbh33wif","account_url_name":"paul","account_display_name":"Paul Chandler","location":"Denver Colorado USA","website":"www.netcams.io","camera_id":"8cowlfiq","camera_url_name":"1000-broadway","camera_name":"1000 Broadway","camera_description":null,"lat":null,"lng":null,"dt":"2021-02-03","ts":"130051.753","image_id":"fc0dcf54-6d78-44cb-8f59-1727ad255177","width":2688,"height":1520,"trigger":"EV"},
    {"category_id":500,"category_name":"Other","account_id":"bbh33wif","account_url_name":"paul","account_display_name":"Paul Chandler","location":"Denver Colorado USA","website":"www.netcams.io","camera_id":"eofihha0","camera_url_name":"dahuatest","camera_name":"DahuaTest","camera_description":null,"lat":null,"lng":null,"dt":"2020-08-14","ts":"171914.828","image_id":"a68db551-6c83-4929-a25b-f04b88e385dc","width":1280,"height":720,"trigger":"TH"},
    {"category_id":500,"category_name":"Other","account_id":"hfcv9pxj","account_url_name":"JFW","account_display_name":"JFW Trucking","location":null,"website":null,"camera_id":"w5fddz5q","camera_url_name":"sheridan","camera_name":"Sheridan","camera_description":null,"lat":39.79808468947886,"lng":-105.0497031211853,"dt":"2021-07-05","ts":"110922.461","image_id":"9584e73a-e736-4d1d-8faf-d004cd9d9bd2","width":2688,"height":1520,"trigger":"TL"},
    {"category_id":500,"category_name":"Other","account_id":"hfcv9pxj","account_url_name":"JFW","account_display_name":"JFW Trucking","location":null,"website":null,"camera_id":"ax8tpswu","camera_url_name":"plant-2","camera_name":"Plant 2","camera_description":null,"lat":null,"lng":null,"dt":"2021-07-05","ts":"111903.504","image_id":"7f5cf3c6-7f9c-416d-b712-31b7e3b7d7e4","width":2688,"height":1520,"trigger":"TL"},
    {"category_id":500,"category_name":"Other","account_id":"hfcv9pxj","account_url_name":"JFW","account_display_name":"JFW Trucking","location":null,"website":null,"camera_id":"izhwj4ty","camera_url_name":"chambers","camera_name":"Chambers","camera_description":null,"lat":null,"lng":null,"dt":"2021-07-05","ts":"111225.897","image_id":"c0bb2c1f-eb08-4317-86e7-1407be8740cc","width":2688,"height":1520,"trigger":"TL"},
    {"category_id":500,"category_name":"Other","account_id":"kcwm48mt","account_url_name":"brannan.asphalt","account_display_name":null,"location":null,"website":null,"camera_id":"yrui4rvi","camera_url_name":"i76","camera_name":"I76","camera_description":null,"lat":39.82729173870557,"lng":-104.94222164154053,"dt":"2021-07-05","ts":"112044.359","image_id":"9bae13ef-8200-46d0-bdad-729dbe10bf77","width":1920,"height":1080,"trigger":"TL"},
    {"category_id":500,"category_name":"Other","account_id":"kcwm48mt","account_url_name":"brannan.asphalt","account_display_name":null,"location":null,"website":null,"camera_id":"lkbitwgc","camera_url_name":"central-pig","camera_name":"Central Pig","camera_description":null,"lat":null,"lng":null,"dt":"2021-07-05","ts":"111957.000","image_id":"52af6864-bc8d-49c9-b0fc-ea674c4f415c","width":2688,"height":1520,"trigger":"TL"},
    {"category_id":500,"category_name":"Other","account_id":"kcwm48mt","account_url_name":"brannan.asphalt","account_display_name":null,"location":null,"website":null,"camera_id":"dkrurmhv","camera_url_name":"central-wash","camera_name":"Central Wash","camera_description":null,"lat":null,"lng":null,"dt":"2021-07-05","ts":"101210.000","image_id":"30e29fc6-7c76-4fda-a074-d8b49110e02d","width":2304,"height":1296,"trigger":"TL"},
    {"category_id":500,"category_name":"Other","account_id":"qepzgbqe","account_url_name":"drilltech","account_display_name":"null","location":"null","website":"null","camera_id":"4osm8di3","camera_url_name":"office-beam","camera_name":"Office Beam","camera_description":null,"lat":null,"lng":null,"dt":"2020-10-09","ts":"101311.537","image_id":"25a53d73-1d1a-4995-b57a-856494f25c6d","width":3072,"height":2048,"trigger":"EV"},
    {"category_id":9,"category_name":"Beaches","account_id":"zlatoslav","account_url_name":"Zlatoslav","account_display_name":"Best seaviews of Turkey","location":"Turkey","website":"zvp.ru","camera_id":"zcam2","camera_url_name":"cam2","camera_name":"Cam2","camera_description":"descr123","lat":36.3047504627718,"lng":32.2525978088379,"dt":"2020-12-24","ts":"155032.000","image_id":"afe4e469-6e0a-41fa-8171-156865a489de","width":1920,"height":1440,"trigger":"PH"},
    {"category_id":9,"category_name":"Beaches","account_id":"zlatoslav","account_url_name":"Zlatoslav","account_display_name":"Best seaviews of Turkey","location":"Turkey","website":"zvp.ru","camera_id":"zcam2","camera_url_name":"cam2","camera_name":"Cam2","camera_description":"descr123","lat":36.3047504627718,"lng":32.2525978088379,"dt":"2020-02-13","ts":"175436.000","image_id":"591fe65d-3d8a-4b02-89ed-5700153a3c73","width":868,"height":1156,"trigger":"TL"},
    {"category_id":2,"category_name":"Nature","account_id":"zlatoslav","account_url_name":"Zlatoslav","account_display_name":"Best seaviews of Turkey","location":"Turkey","website":"zvp.ru","camera_id":"zcam1","camera_url_name":"cam1","camera_name":"Cam1","camera_description":null,"lat":36.268561999999996,"lng":32.314304,"dt":"2019-08-07","ts":"060001.000","image_id":"6e96e872-d7f5-4e1d-9a43-6f9c4547f18d","width":2688,"height":1520,"trigger":"TL"},
    {"category_id":2,"category_name":"Nature","account_id":"zlatoslav","account_url_name":"Zlatoslav","account_display_name":"Best seaviews of Turkey","location":"Turkey","website":"zvp.ru","camera_id":"zcam1","camera_url_name":"cam1","camera_name":"Cam1","camera_description":null,"lat":36.268561999999996,"lng":32.314304,"dt":"2020-08-19","ts":"135250.683","image_id":"3e52e243-d785-499b-977b-e4e231d97fa1","width":2688,"height":1520,"trigger":"EV"},
    {"category_id":2,"category_name":"Nature","account_id":"zlatoslav","account_url_name":"Zlatoslav","account_display_name":"Best seaviews of Turkey","location":"Turkey","website":"zvp.ru","camera_id":"zcam1","camera_url_name":"cam1","camera_name":"Cam1","camera_description":null,"lat":36.268561999999996,"lng":32.314304,"dt":"2020-01-23","ts":"184845.000","image_id":"6fc4dd67-cca0-45b7-afb6-53dfe83546b1","width":1920,"height":1080,"trigger":"PH"}]}