{
    "prefix": "https://storage0.netcams.io/",
    "carousel": [
        {
            "image": "https://files.netcams.io/hp/INNOUTLAX2-1200x800.jpg",
            "caption": "Welcome to NetCams.io",
            "text": "<p>Autonomous snapshots and video clips from IP Network Cameras for a variety of applications.</p>"
        },
        {
            "image": "https://files.netcams.io/hp/waikikibeach.jpg",
            "caption": "Live Cams",
            "text": "<p>(Well, almost live) <br /> Better image quality, more reliable, less complicated, and less expensive than a live video stream.</p><p>Capture high resoltion snapshots at whatever intervals you choose. Visitors will always see the latest snapshot, plus historical images.<br />You may also overlay your logo, current weather conditions, and link back to your website.</p>"
        },
        {
            "image": "https://files.netcams.io/hp/lotcam7.jpg",
            "caption": "Parking Lots/Yards",
            "text": "<p>Snapshots of vehicles entering or leaving your parking lot. Quick access to timestamped images of all activity at your facility.</p><ul><li>Deliveries</li><li>Employees</li><li>Asset tracking</li></ul>"
        },
        {
            "image": "https://files.netcams.io/hp/GGFog.jpg",
            "caption": "Time Lapse Cams",
            "text": "<p>Set your camera to upload snapshots on a specific interval... one every second, one every day, or anywhere in between. Then create time-lapse videos from your snapshots to share online.</p><ul><li>Landscapes</li><li>Cityscapes</li><li>Construction Sites</li><li>And More</li></ul>"
        },
        {
            "image": "https://files.netcams.io/hp/selfden.jpg",
            "caption": "Selfie Cams",
            "text": "<p>A Camera, a pushbutton, and a small single digit countdown display is all you need! Indoors or out. Set up a camera for your guests or vistors to take HD selfies with your backdrop and/or custom overlay and have it immediatly available on your NetCams channel for them to share.</p>"
        },
        {
            "image": "https://files.netcams.io/hp/special.jpg",
            "caption": "Special Events",
            "text": "<p>Snapshots do not have to come from fixed IP cameras. Roving photographers at special events, concerts, festivals, sporting events, etc., can upload photos and have them displayed by date and time in the same way.</p><ul><li>Concerts</li><li>Festivals</li><li>Sporting Events</li></ul>"
        },
        {
            "image": "https://files.netcams.io/hp/Zipline2_1080.jpg",
            "caption": "Fast Action Cams",
            "text": "<p>Roller coasters, water slides, zip-lines, and other fast moving objects. Set the camera to capture a burst of multiple snapshots (up to 30 per second) for your guests to select from. This replaces the traditional souveneir photo kiosk and can run unattended. Guests have immediate access online to view their photos and share.</p>"
        },
        {
            "video": "https://files.netcams.io/hp/747-xs.mp4",
            "poster": "https://files.netcams.io/hp/747-xs.png",
            "caption": "Capture Short Video Clips too!",
            "text": "<p>Most Axis cameras are capable of capturing both still snapshots AND short video clips.</p>"
        }
    ],
    "categories": [
        {
            "id": 1,
            "name": "CityScape",
            "cameras": [
                21
            ]
        },
        {
            "id": 2,
            "name": "Nature",
            "cameras": [
                25
            ]
        },
        {
            "id": 3,
            "name": "Weather",
            "cameras": []
        },
        {
            "id": 4,
            "name": "Attractions",
            "cameras": []
        },
        {
            "id": 5,
            "name": "Landmarks",
            "cameras": []
        },
        {
            "id": 6,
            "name": "Cruise Ports",
            "cameras": []
        },
        {
            "id": 7,
            "name": "Airports/Aircraft",
            "cameras": []
        },
        {
            "id": 8,
            "name": "Resorts",
            "cameras": []
        },
        {
            "id": 9,
            "name": "Beaches",
            "cameras": [
                22
            ]
        },
        {
            "id": 10,
            "name": "Animals",
            "cameras": []
        },
        {
            "id": 500,
            "name": "Other",
            "cameras": [
                0,
                1,
                2,
                3,
                4,
                5,
                6,
                7,
                8,
                9,
                10,
                11,
                12,
                13,
                14,
                15,
                16,
                17,
                18,
                19,
                20,
                23,
                24,
                26
            ]
        }
    ],
    "cameras": [
        {
            "category_id": 500,
            "category_name": "Other",
            "account_id": "3vpkd6sg",
            "account_url_name": "brannan.concrete",
            "account_display_name": "Brannan Sand and Gravel",
            "location": "Denver, Colorado  USA",
            "website": "www.brannan1.com",
            "camera_id": "krxhbmu7",
            "camera_url_name": "west-entrance",
            "camera_name": "West Entrance",
            "camera_description": null,
            "lat": null,
            "lng": null,
            "dt": "2021-07-07",
            "ts": "185902.000",
            "n": "1",
            "image_id": "64628992-ccbb-435e-85e5-c85b294a53c9",
            "width": 2304,
            "height": 1296,
            "trigger": "TL",
            "camera_time": "2021-07-07T18:59:43.352Z"
        },
        {
            "category_id": 500,
            "category_name": "Other",
            "account_id": "3vpkd6sg",
            "account_url_name": "brannan.concrete",
            "account_display_name": "Brannan Sand and Gravel",
            "location": "Denver, Colorado  USA",
            "website": "www.brannan1.com",
            "camera_id": "ppla1llh",
            "camera_url_name": "chambers2",
            "camera_name": "Chambers2",
            "camera_description": null,
            "lat": 39.7166944967399,
            "lng": -104.79995727539064,
            "dt": "2021-07-07",
            "ts": "185928.000",
            "n": "1",
            "image_id": "4c4b4e0f-b9c8-4a6e-9eee-90a8097dd354",
            "width": 2560,
            "height": 1440,
            "trigger": "TL",
            "camera_time": "2021-07-07T18:59:43.352Z"
        },
        {
            "category_id": 500,
            "category_name": "Other",
            "account_id": "3vpkd6sg",
            "account_url_name": "brannan.concrete",
            "account_display_name": "Brannan Sand and Gravel",
            "location": "Denver, Colorado  USA",
            "website": "www.brannan1.com",
            "camera_id": "jzj9tke2",
            "camera_url_name": "west-plant",
            "camera_name": "West Plant",
            "camera_description": null,
            "lat": null,
            "lng": null,
            "dt": "2021-07-07",
            "ts": "185833.000",
            "n": "1",
            "image_id": "b7f2fff1-895a-4ca4-93a8-addaa2d03535",
            "width": 2688,
            "height": 1520,
            "trigger": "TL",
            "camera_time": "2021-07-07T18:59:43.352Z"
        },
        {
            "category_id": 500,
            "category_name": "Other",
            "account_id": "kcwm48mt",
            "account_url_name": "brannan.asphalt",
            "account_display_name": null,
            "location": null,
            "website": null,
            "camera_id": "yrui4rvi",
            "camera_url_name": "i76",
            "camera_name": "I76",
            "camera_description": null,
            "lat": 39.82729173870557,
            "lng": -104.94222164154053,
            "dt": "2021-07-07",
            "ts": "185927.340",
            "n": "1",
            "image_id": "0ff11105-3171-42ce-9603-01960e4793bc",
            "width": 1920,
            "height": 1080,
            "trigger": "TL",
            "camera_time": "2021-07-07T18:59:43.352Z"
        },
        {
            "category_id": 500,
            "category_name": "Other",
            "account_id": "3vpkd6sg",
            "account_url_name": "brannan.concrete",
            "account_display_name": "Brannan Sand and Gravel",
            "location": "Denver, Colorado  USA",
            "website": "www.brannan1.com",
            "camera_id": "dt0x0q5y",
            "camera_url_name": "chambers1",
            "camera_name": "Chambers1",
            "camera_description": null,
            "lat": null,
            "lng": null,
            "dt": "2021-07-07",
            "ts": "185918.000",
            "n": "1",
            "image_id": "d6ebb608-acba-4236-ac44-11cfb4d7b3e7",
            "width": 2688,
            "height": 1520,
            "trigger": "TL",
            "camera_time": "2021-07-07T18:59:43.352Z"
        },
        {
            "category_id": 500,
            "category_name": "Other",
            "account_id": "kcwm48mt",
            "account_url_name": "brannan.asphalt",
            "account_display_name": null,
            "location": null,
            "website": null,
            "camera_id": "lkbitwgc",
            "camera_url_name": "central-pig",
            "camera_name": "Central Pig",
            "camera_description": null,
            "lat": null,
            "lng": null,
            "dt": "2021-07-07",
            "ts": "185842.000",
            "n": "1",
            "image_id": "9600d491-6a2e-46ad-a2be-05808891c66f",
            "width": 2688,
            "height": 1520,
            "trigger": "TL",
            "camera_time": "2021-07-07T18:59:43.352Z"
        },
        {
            "category_id": 500,
            "category_name": "Other",
            "account_id": "3vpkd6sg",
            "account_url_name": "brannan.concrete",
            "account_display_name": "Brannan Sand and Gravel",
            "location": "Denver, Colorado  USA",
            "website": "www.brannan1.com",
            "camera_id": "ddo3j3hm",
            "camera_url_name": "central-batch-house",
            "camera_name": "Central Batch House",
            "camera_description": null,
            "lat": null,
            "lng": null,
            "dt": "2021-07-07",
            "ts": "185838.000",
            "n": "1",
            "image_id": "0bd6f58c-61ea-4b67-bee9-224025da2d7b",
            "width": 2688,
            "height": 1520,
            "trigger": "TL",
            "camera_time": "2021-07-07T18:59:43.352Z"
        },
        {
            "category_id": 500,
            "category_name": "Other",
            "account_id": "hfcv9pxj",
            "account_url_name": "JFW",
            "account_display_name": "JFW Trucking",
            "location": null,
            "website": null,
            "camera_id": "ax8tpswu",
            "camera_url_name": "plant-2",
            "camera_name": "Plant 2",
            "camera_description": null,
            "lat": null,
            "lng": null,
            "dt": "2021-07-07",
            "ts": "185907.411",
            "n": "1",
            "image_id": "0dc0fe88-8e5b-45ea-b422-2297adf6898f",
            "width": 2688,
            "height": 1520,
            "trigger": "TL",
            "camera_time": "2021-07-07T18:59:43.352Z"
        },
        {
            "category_id": 500,
            "category_name": "Other",
            "account_id": "kcwm48mt",
            "account_url_name": "brannan.asphalt",
            "account_display_name": null,
            "location": null,
            "website": null,
            "camera_id": "dkrurmhv",
            "camera_url_name": "central-wash",
            "camera_name": "Central Wash",
            "camera_description": null,
            "lat": null,
            "lng": null,
            "dt": "2021-07-07",
            "ts": "175100.000",
            "n": "1",
            "image_id": "51fae75c-21a5-4074-aa56-66c19072b47e",
            "width": 2304,
            "height": 1296,
            "trigger": "TL",
            "camera_time": "2021-07-07T18:59:43.352Z"
        },
        {
            "category_id": 500,
            "category_name": "Other",
            "account_id": "bbh33wif",
            "account_url_name": "paul",
            "account_display_name": "Paul Chandler",
            "location": "Denver Colorado USA",
            "website": "www.netcams.io",
            "camera_id": "i5lz70z9",
            "camera_url_name": "farm-pole",
            "camera_name": "Farm Pole",
            "camera_description": null,
            "lat": null,
            "lng": null,
            "dt": "2021-07-07",
            "ts": "205832.906",
            "n": "1",
            "image_id": "513f8013-bbc4-4bfb-bd04-76e3b267fa89",
            "width": 2688,
            "height": 1520,
            "trigger": "TL",
            "camera_time": "2021-07-07T20:59:43.352Z"
        },
        {
            "category_id": 500,
            "category_name": "Other",
            "account_id": "bbh33wif",
            "account_url_name": "paul",
            "account_display_name": "Paul Chandler",
            "location": "Denver Colorado USA",
            "website": "www.netcams.io",
            "camera_id": "xe7sph2l",
            "camera_url_name": "barns",
            "camera_name": "Barns",
            "camera_description": null,
            "lat": 39.27570626030707,
            "lng": -76.1074437906837,
            "dt": "2021-07-07",
            "ts": "205828.505",
            "n": "1",
            "image_id": "aed3b0a5-0542-4357-89c7-a23699489e31",
            "width": 2048,
            "height": 1536,
            "trigger": "TL",
            "camera_time": "2021-07-07T20:59:43.352Z"
        },
        {
            "category_id": 500,
            "category_name": "Other",
            "account_id": "hfcv9pxj",
            "account_url_name": "JFW",
            "account_display_name": "JFW Trucking",
            "location": null,
            "website": null,
            "camera_id": "izhwj4ty",
            "camera_url_name": "chambers",
            "camera_name": "Chambers",
            "camera_description": null,
            "lat": null,
            "lng": null,
            "dt": "2021-07-07",
            "ts": "185225.625",
            "n": "1",
            "image_id": "a03dd1d6-e44a-4109-941d-ce8605b994f5",
            "width": 2688,
            "height": 1520,
            "trigger": "TL",
            "camera_time": "2021-07-07T18:59:43.352Z"
        },
        {
            "category_id": 500,
            "category_name": "Other",
            "account_id": "bbh33wif",
            "account_url_name": "paul",
            "account_display_name": "Paul Chandler",
            "location": "Denver Colorado USA",
            "website": "www.netcams.io",
            "camera_id": "bkyiuo3z",
            "camera_url_name": "lpr1",
            "camera_name": "LPR1",
            "camera_description": null,
            "lat": 39.7405543100001,
            "lng": -105.040251863187,
            "dt": "2021-07-07",
            "ts": "182308.550",
            "n": "1",
            "image_id": "603f277a-a38f-4130-a86a-2a1d60868731",
            "width": 1920,
            "height": 1080,
            "trigger": "LP",
            "camera_time": "2021-07-07T18:59:43.352Z"
        },
        {
            "category_id": 500,
            "category_name": "Other",
            "account_id": "hfcv9pxj",
            "account_url_name": "JFW",
            "account_display_name": "JFW Trucking",
            "location": null,
            "website": null,
            "camera_id": "w5fddz5q",
            "camera_url_name": "sheridan",
            "camera_name": "Sheridan",
            "camera_description": null,
            "lat": 39.79808468947886,
            "lng": -105.0497031211853,
            "dt": "2021-07-07",
            "ts": "174925.532",
            "n": "1",
            "image_id": "b24ddd67-ed82-44d6-8584-626cec613fad",
            "width": 2688,
            "height": 1520,
            "trigger": "TL",
            "camera_time": "2021-07-07T18:59:43.352Z"
        },
        {
            "category_id": 500,
            "category_name": "Other",
            "account_id": "bbh33wif",
            "account_url_name": "paul",
            "account_display_name": "Paul Chandler",
            "location": "Denver Colorado USA",
            "website": "www.netcams.io",
            "camera_id": "os12rday",
            "camera_url_name": "lpr2",
            "camera_name": "LPR2",
            "camera_description": null,
            "lat": 39.7756930099734,
            "lng": -105.154223442078,
            "dt": "2021-07-06",
            "ts": "165551.611",
            "n": "1",
            "image_id": "9e45ecb4-14d4-4b03-95c1-c3ed893809bb",
            "width": 1920,
            "height": 1112,
            "trigger": "LP",
            "camera_time": "2021-07-07T18:59:43.352Z"
        },
        {
            "category_id": 500,
            "category_name": "Other",
            "account_id": "bbh33wif",
            "account_url_name": "paul",
            "account_display_name": "Paul Chandler",
            "location": "Denver Colorado USA",
            "website": "www.netcams.io",
            "camera_id": "07-kkmnf",
            "camera_url_name": "connor",
            "camera_name": "Connor",
            "camera_description": null,
            "lat": 39.82419361092324,
            "lng": -105.05006790161133,
            "dt": "2021-06-26",
            "ts": "112531.288",
            "n": "1",
            "image_id": "7c7d7aa4-00ad-46b1-a386-47d4c9125e99",
            "width": 2560,
            "height": 1440,
            "trigger": "EV",
            "camera_time": "2021-07-07T18:59:43.352Z"
        },
        {
            "category_id": 500,
            "category_name": "Other",
            "account_id": "bbh33wif",
            "account_url_name": "paul",
            "account_display_name": "Paul Chandler",
            "location": "Denver Colorado USA",
            "website": "www.netcams.io",
            "camera_id": "0dt6drzs",
            "camera_url_name": "garage",
            "camera_name": "Garage",
            "camera_description": null,
            "lat": 39.8653806945066,
            "lng": -105.04873752594,
            "dt": "2021-05-17",
            "ts": "103858.851",
            "n": "1",
            "image_id": "6cfcdd60-bd04-484a-a231-9a11caf05040",
            "width": 2688,
            "height": 1520,
            "trigger": "TL",
            "camera_time": "2021-07-07T18:59:43.352Z"
        },
        {
            "category_id": 500,
            "category_name": "Other",
            "account_id": "bbh33wif",
            "account_url_name": "paul",
            "account_display_name": "Paul Chandler",
            "location": "Denver Colorado USA",
            "website": "www.netcams.io",
            "camera_id": "gmcq09nb",
            "camera_url_name": "4k-selfie",
            "camera_name": "4K Selfie",
            "camera_description": null,
            "lat": 39.7435,
            "lng": -105.0619,
            "dt": "2021-03-18",
            "ts": "064408.878",
            "n": "1",
            "image_id": "dfadc02f-464a-4b7c-b128-0311b243e332",
            "width": 3840,
            "height": 2160,
            "trigger": "TL",
            "camera_time": "2021-07-07T18:59:43.352Z"
        },
        {
            "category_id": 500,
            "category_name": "Other",
            "account_id": "bbh33wif",
            "account_url_name": "paul",
            "account_display_name": "Paul Chandler",
            "location": "Denver Colorado USA",
            "website": "www.netcams.io",
            "camera_id": "8cowlfiq",
            "camera_url_name": "1000-broadway",
            "camera_name": "1000 Broadway",
            "camera_description": null,
            "lat": null,
            "lng": null,
            "dt": "2021-02-03",
            "ts": "130051.753",
            "n": "1",
            "image_id": "fc0dcf54-6d78-44cb-8f59-1727ad255177",
            "width": 2688,
            "height": 1520,
            "trigger": "EV",
            "camera_time": "2021-07-07T18:59:43.352Z"
        },
        {
            "category_id": 500,
            "category_name": "Other",
            "account_id": "0csude6f",
            "account_url_name": "sunsetsxm",
            "account_display_name": "Sunset Beach Bar SXM",
            "location": "St. Maarten",
            "website": "www.sunsetsxm.com",
            "camera_id": "uhxh9sim",
            "camera_url_name": "guest-images",
            "camera_name": "Guest Images",
            "camera_description": null,
            "lat": null,
            "lng": null,
            "dt": "2015-01-06",
            "ts": "115902.000",
            "n": "1",
            "image_id": "43de8908-9b6a-4a0c-b508-3f81ca0bb454",
            "width": 4288,
            "height": 2848,
            "trigger": "EV",
            "camera_time": "2021-07-07T18:59:43.352Z"
        },
        {
            "category_id": 500,
            "category_name": "Other",
            "account_id": "0csude6f",
            "account_url_name": "sunsetsxm",
            "account_display_name": "Sunset Beach Bar SXM",
            "location": "St. Maarten",
            "website": "www.sunsetsxm.com",
            "camera_id": "zptyeiga",
            "camera_url_name": "landing-planes",
            "camera_name": "Landing Planes",
            "camera_description": null,
            "lat": 17.5016253598852,
            "lng": -62.9744480922109,
            "dt": "2021-01-06",
            "ts": "144812.000",
            "n": "1",
            "image_id": "8c256889-39f0-4e3a-9553-199b9d8008a2",
            "width": 1280,
            "height": 720,
            "trigger": "EV",
            "camera_time": "2021-07-07T20:59:43.352Z"
        },
        {
            "category_id": 1,
            "category_name": "CityScape",
            "account_id": "bbh33wif",
            "account_url_name": "paul",
            "account_display_name": "Paul Chandler",
            "location": "Denver Colorado USA",
            "website": "www.netcams.io",
            "camera_id": "ceplud3b",
            "camera_url_name": "hikcolorvu",
            "camera_name": "HikColorvu",
            "camera_description": null,
            "lat": 39.8654465740421,
            "lng": -105.048780441284,
            "dt": "2021-01-03",
            "ts": "031314.404",
            "n": "1",
            "image_id": "55d57b0f-8b34-4cbd-9fe8-ef2117601c6a",
            "width": 2688,
            "height": 1520,
            "trigger": "EV",
            "camera_time": "2021-07-07T18:59:43.352Z"
        },
        {
            "category_id": 9,
            "category_name": "Beaches",
            "account_id": "zlatoslav",
            "account_url_name": "Zlatoslav",
            "account_display_name": "Best seaviews of Turkey",
            "location": "Turkey",
            "website": "zvp.ru",
            "camera_id": "zcam2",
            "camera_url_name": "cam2",
            "camera_name": "Cam2",
            "camera_description": "descr123",
            "lat": 36.3047504627718,
            "lng": 32.2525978088379,
            "dt": "2020-12-24",
            "ts": "155032.000",
            "n": "1",
            "image_id": "afe4e469-6e0a-41fa-8171-156865a489de",
            "width": 1920,
            "height": 1440,
            "trigger": "PH",
            "camera_time": "2021-07-08T03:59:43.352Z"
        },
        {
            "category_id": 500,
            "category_name": "Other",
            "account_id": "bbh33wif",
            "account_url_name": "paul",
            "account_display_name": "Paul Chandler",
            "location": "Denver Colorado USA",
            "website": "www.netcams.io",
            "camera_id": "tn8ucy97",
            "camera_url_name": "phonetest",
            "camera_name": "PhoneTest",
            "camera_description": null,
            "lat": null,
            "lng": null,
            "dt": "2020-11-01",
            "ts": "194234.000",
            "n": "1",
            "image_id": "d95bc897-b151-4d71-8668-57a87fcd4c32",
            "width": 4032,
            "height": 3024,
            "trigger": "EV",
            "camera_time": "2021-07-07T18:59:43.352Z"
        },
        {
            "category_id": 500,
            "category_name": "Other",
            "account_id": "qepzgbqe",
            "account_url_name": "drilltech",
            "account_display_name": "null",
            "location": "null",
            "website": "null",
            "camera_id": "4osm8di3",
            "camera_url_name": "office-beam",
            "camera_name": "Office Beam",
            "camera_description": null,
            "lat": null,
            "lng": null,
            "dt": "2020-10-09",
            "ts": "101311.537",
            "n": "1",
            "image_id": "25a53d73-1d1a-4995-b57a-856494f25c6d",
            "width": 3072,
            "height": 2048,
            "trigger": "EV",
            "camera_time": "2021-07-07T18:59:43.352Z"
        },
        {
            "category_id": 2,
            "category_name": "Nature",
            "account_id": "zlatoslav",
            "account_url_name": "Zlatoslav",
            "account_display_name": "Best seaviews of Turkey",
            "location": "Turkey",
            "website": "zvp.ru",
            "camera_id": "zcam1",
            "camera_url_name": "cam1",
            "camera_name": "Cam1",
            "camera_description": null,
            "lat": 36.268561999999996,
            "lng": 32.314304,
            "dt": "2020-08-19",
            "ts": "135250.683",
            "n": "1",
            "image_id": "3e52e243-d785-499b-977b-e4e231d97fa1",
            "width": 2688,
            "height": 1520,
            "trigger": "EV",
            "camera_time": "2021-07-08T03:59:43.352Z"
        },
        {
            "category_id": 500,
            "category_name": "Other",
            "account_id": "bbh33wif",
            "account_url_name": "paul",
            "account_display_name": "Paul Chandler",
            "location": "Denver Colorado USA",
            "website": "www.netcams.io",
            "camera_id": "eofihha0",
            "camera_url_name": "dahuatest",
            "camera_name": "DahuaTest",
            "camera_description": null,
            "lat": null,
            "lng": null,
            "dt": "2020-08-14",
            "ts": "171914.828",
            "n": "1",
            "image_id": "a68db551-6c83-4929-a25b-f04b88e385dc",
            "width": 1280,
            "height": 720,
            "trigger": "TH",
            "camera_time": "2021-07-08T00:59:43.352Z"
        }
    ]
}